Neighborhood,HouseStyle,sale_month,property_count,average_sale_price,median_sale_price,average_living_area,average_price_per_sqft,price_rank_in_month
NridgHt,2Story,1,1,582933.0,582933.0,2822.0,206.5673281360737,1
NoRidge,2Story,1,2,501500.0,501500.0,3083.0,154.49227262480275,2
Somerst,1Story,1,2,375950.0,375950.0,1903.0,197.08423217653575,3
NridgHt,1Story,1,2,323651.0,323651.0,1711.5,189.12881986050942,4
Crawfor,1Story,1,1,275000.0,275000.0,1646.0,167.07168894289185,5
CollgCr,2Story,1,1,237000.0,237000.0,1829.0,129.5790049207217,6
SawyerW,2Story,1,2,230750.0,230750.0,2033.0,113.54590547170213,7
Timber,1Story,1,1,228000.0,228000.0,1707.0,133.5676625659051,8
Somerst,2Story,1,2,215000.0,215000.0,1803.5,119.87050047561036,9
CollgCr,1Story,1,8,192411.625,191450.0,1251.25,153.89029307893497,10
NWAmes,1Story,1,3,184000.0,181000.0,1579.6666666666667,118.47798296903738,11
NWAmes,SLvl,1,1,178000.0,178000.0,1868.0,95.28907922912205,12
Gilbert,2Story,1,1,172400.0,172400.0,1664.0,103.60576923076923,13
NWAmes,SFoyer,1,1,170000.0,170000.0,1173.0,144.92753623188406,14
NAmes,2Story,1,1,154300.0,154300.0,2274.0,67.85400175901495,15
Gilbert,1Story,1,1,145000.0,145000.0,1056.0,137.31060606060606,16
Sawyer,1Story,1,2,141000.0,141000.0,1379.0,109.47606229292074,17
Sawyer,SFoyer,1,2,139979.5,139979.5,1479.5,93.57098905628317,18
Timber,SLvl,1,1,137500.0,137500.0,1344.0,102.30654761904762,19
Edwards,2Story,1,2,133750.0,133750.0,3494.5,54.08285825341648,20
Mitchel,1Story,1,1,132250.0,132250.0,1040.0,127.16346153846153,21
Edwards,1.5Fin,1,1,131000.0,131000.0,1716.0,76.34032634032634,22
BrkSide,1.5Fin,1,1,127000.0,127000.0,1285.0,98.83268482490273,23
NAmes,1Story,1,3,124816.66666666667,128950.0,1110.6666666666667,112.79578321394781,24
OldTown,2.5Unf,1,1,122000.0,122000.0,1889.0,64.58443620963473,25
NAmes,1.5Fin,1,2,120250.0,120250.0,1652.0,72.16860835796673,26
BrkSide,1.5Unf,1,2,118500.0,118500.0,990.5,120.6003853707036,27
OldTown,1.5Fin,1,1,105000.0,105000.0,1214.0,86.49093904448105,28
IDOTRR,1.5Fin,1,2,102888.0,102888.0,1193.0,86.25554031414791,29
OldTown,1Story,1,1,86000.0,86000.0,691.0,124.45730824891461,30
Edwards,1Story,1,1,84000.0,84000.0,845.0,99.40828402366864,31
MeadowV,2Story,1,1,75000.0,75000.0,1092.0,68.68131868131869,32
SWISU,1Story,1,1,60000.0,60000.0,438.0,136.986301369863,33
IDOTRR,1Story,1,1,55000.0,55000.0,796.0,69.09547738693468,34
BrkSide,1Story,1,2,49650.0,49650.0,567.0,96.33233532934132,35
NridgHt,1Story,2,1,319900.0,319900.0,1752.0,182.59132420091325,1
Timber,2Story,2,2,248056.5,248056.5,2188.0,113.38226806395701,2
NWAmes,1.5Fin,2,1,229000.0,229000.0,2183.0,104.90151168117269,3
Edwards,1Story,2,2,215500.0,215500.0,1323.0,152.7728079199654,4
Somerst,2Story,2,3,208566.66666666666,226700.0,1710.3333333333333,120.49009244066531,5
SawyerW,2Story,2,2,207250.0,207250.0,1829.5,113.20386794260665,6
CollgCr,2Story,2,4,198500.0,200500.0,1749.0,113.9455818091883,7
Gilbert,2Story,2,3,195666.66666666666,184000.0,1817.3333333333333,109.13786476938498,8
Blmngtn,1Story,2,1,194201.0,194201.0,1402.0,138.51711840228245,9
NWAmes,1Story,2,4,193750.0,195000.0,1652.25,118.7125542780255,10
CollgCr,1Story,2,6,191508.33333333334,200250.0,1278.6666666666667,150.35996908437218,11
NWAmes,2Story,2,1,179900.0,179900.0,1552.0,115.91494845360825,12
NAmes,1Story,2,5,169700.0,160000.0,1484.6,116.60770829025373,13
Somerst,1Story,2,1,147000.0,147000.0,1795.0,81.8941504178273,14
Crawfor,2Story,2,2,144500.0,144500.0,1609.5,90.36931538379811,15
Mitchel,1Story,2,2,142250.0,142250.0,1133.5,124.23080088505378,16
Sawyer,1Story,2,4,133500.0,128750.0,1018.75,131.17505484704748,17
NAmes,SLvl,2,1,130000.0,130000.0,1360.0,95.58823529411765,18
NPkVill,1Story,2,1,128000.0,128000.0,958.0,133.61169102296452,19
SawyerW,1Story,2,1,125000.0,125000.0,752.0,166.22340425531914,20
IDOTRR,1Story,2,1,120500.0,120500.0,778.0,154.88431876606683,21
BrDale,2Story,2,1,119500.0,119500.0,1302.0,91.78187403993856,22
BrkSide,1Story,2,1,116500.0,116500.0,858.0,135.78088578088577,23
OldTown,1Story,2,2,106000.0,106000.0,870.0,123.68446230386529,24
NoRidge,1.5Fin,3,1,410000.0,410000.0,3238.0,126.6213712168005,1
NoRidge,1Story,3,2,363450.0,363450.0,2176.5,164.28483735062136,2
NridgHt,2Story,3,3,356000.0,380000.0,2469.6666666666665,143.23391520606688,3
Somerst,1Story,3,1,320000.0,320000.0,1905.0,167.97900262467192,4
NridgHt,1Story,3,6,301012.0,247000.0,1726.3333333333333,166.21040366609188,5
Timber,1Story,3,3,286633.3333333333,315000.0,1759.3333333333333,159.23868788196268,6
ClearCr,1Story,3,2,245500.0,245500.0,1457.5,170.81917278716048,7
StoneBr,1Story,3,1,236500.0,236500.0,1616.0,146.3490099009901,8
Gilbert,2Story,3,4,206233.0,174000.0,1728.75,117.53597945677419,9
NAmes,2Story,3,2,203000.0,203000.0,2414.0,87.58224423391519,10
ClearCr,1.5Fin,3,1,200500.0,200500.0,3086.0,64.97083603370058,11
Crawfor,1Story,3,4,199368.5,209062.0,1664.25,125.62074734678721,12
CollgCr,2Story,3,3,198883.33333333334,197900.0,1734.0,114.71108955454952,13
Crawfor,1.5Fin,3,2,198500.0,198500.0,1952.0,101.51103383941799,14
NWAmes,2Story,3,3,198133.33333333334,196500.0,1880.3333333333333,105.46173207695362,15
ClearCr,2Story,3,1,192000.0,192000.0,2022.0,94.95548961424332,16
NWAmes,1Story,3,2,186250.0,186250.0,1253.5,149.21485833495177,17
Gilbert,SLvl,3,1,184100.0,184100.0,1419.0,129.73925299506695,18
Crawfor,2Story,3,1,177000.0,177000.0,1680.0,105.35714285714286,19
CollgCr,1Story,3,5,174486.4,176432.0,1244.2,140.8512544908389,20
Somerst,2Story,3,6,170600.0,172200.0,1346.6666666666667,127.3921593738699,21
Blmngtn,1Story,3,2,163567.5,163567.5,1257.0,130.15288917243893,22
SWISU,2.5Fin,3,2,159250.0,159250.0,2812.5,56.024587727930154,23
SawyerW,1Story,3,2,148200.0,148200.0,1170.0,126.6237055565586,24
Sawyer,2Story,3,3,146000.0,149500.0,1410.3333333333333,103.96163790960172,25
NAmes,SLvl,3,3,145333.33333333334,143000.0,1253.0,117.83725867179363,26
Mitchel,1Story,3,3,144500.0,153500.0,1264.0,117.61296277117958,27
Mitchel,SLvl,3,1,142500.0,142500.0,1003.0,142.073778664008,28
SWISU,1.5Fin,3,2,142000.0,142000.0,2043.0,69.61444739521168,29
NAmes,1Story,3,9,138594.44444444444,143250.0,1181.3333333333333,119.22852018847695,30
SWISU,2Story,3,2,137950.0,137950.0,1599.0,86.83137038400196,31
Sawyer,1Story,3,3,135933.33333333334,132500.0,1279.6666666666667,110.77982353532668,32
Edwards,1Story,3,6,135916.66666666666,153500.0,1130.6666666666667,117.19990520695718,33
CollgCr,SFoyer,3,1,133000.0,133000.0,768.0,173.17708333333334,34
BrkSide,1.5Fin,3,1,131000.0,131000.0,1218.0,107.55336617405582,35
IDOTRR,2Story,3,1,127000.0,127000.0,1355.0,93.7269372693727,36
Edwards,SLvl,3,1,107000.0,107000.0,1117.0,95.79230080572964,37
IDOTRR,2.5Unf,3,1,101000.0,101000.0,1111.0,90.9090909090909,38
Edwards,1.5Fin,3,2,99950.0,99950.0,1166.0,85.71086838413571,39
OldTown,1Story,3,4,95492.75,102235.5,1013.0,92.72495396168749,40
IDOTRR,1.5Fin,3,1,89500.0,89500.0,1406.0,63.65576102418208,41
BrDale,2Story,3,1,88000.0,88000.0,1092.0,80.58608058608058,42
OldTown,1.5Fin,3,1,87000.0,87000.0,1248.0,69.71153846153847,43
NridgHt,2Story,4,1,437154.0,437154.0,2728.0,160.24706744868035,1
NridgHt,1Story,4,4,357923.0,334596.0,1793.5,193.295022864688,2
ClearCr,2Story,4,1,328000.0,328000.0,2260.0,145.13274336283186,3
Timber,1Story,4,1,293077.0,293077.0,1646.0,178.05407047387607,4
NoRidge,1.5Fin,4,1,285000.0,285000.0,2872.0,99.23398328690807,5
NoRidge,2Story,4,4,283750.0,275000.0,2488.75,114.38434564189467,6
Veenker,1Story,4,1,270000.0,270000.0,1494.0,180.72289156626505,7
Timber,2Story,4,3,262633.3333333333,250000.0,2313.6666666666665,112.92470635822087,8
ClearCr,1Story,4,2,250750.0,250750.0,1443.5,173.89317989690028,9
CollgCr,2Story,4,5,250474.0,212000.0,1956.4,125.30864085702339,10
Somerst,2Story,4,4,239725.5,237500.0,1666.75,139.3692000842858,11
Somerst,1Story,4,5,215280.0,208900.0,1409.4,152.5400797825347,12
StoneBr,1Story,4,1,213500.0,213500.0,1338.0,159.56651718983557,13
Gilbert,2Story,4,3,204666.66666666666,193000.0,1773.0,117.2051075241706,14
Blmngtn,1Story,4,2,202745.0,202745.0,1387.5,146.52993228033492,15
Mitchel,1Story,4,4,192225.0,185500.0,1461.75,131.12492443372287,16
SawyerW,2Story,4,3,189333.33333333334,171000.0,1614.3333333333333,114.09125243454206,17
Timber,1.5Fin,4,1,187500.0,187500.0,1717.0,109.20209668025626,18
NAmes,SLvl,4,1,180500.0,180500.0,1152.0,156.68402777777777,19
Gilbert,SLvl,4,1,180000.0,180000.0,1430.0,125.87412587412588,20
CollgCr,1Story,4,5,171960.0,204900.0,1268.2,133.85238041123472,21
NWAmes,2Story,4,2,164000.0,164000.0,1799.0,91.40296346228264,22
Sawyer,2Story,4,1,158900.0,158900.0,1386.0,114.64646464646465,23
SWISU,2Story,4,1,155000.0,155000.0,1135.0,136.56387665198238,24
NPkVill,2Story,4,1,148500.0,148500.0,1441.0,103.05343511450381,25
NWAmes,1Story,4,4,147575.0,162450.0,1446.5,102.35220970909836,26
SawyerW,SFoyer,4,1,147000.0,147000.0,996.0,147.59036144578315,27
NAmes,1Story,4,19,145114.47368421053,142125.0,1221.7894736842106,122.69644683404589,28
SawyerW,1Story,4,3,143166.66666666666,141000.0,1144.0,123.58083943324733,29
Mitchel,2Story,4,1,139000.0,139000.0,1824.0,76.20614035087719,30
Edwards,SFoyer,4,1,137500.0,137500.0,1181.0,116.42675698560542,31
Sawyer,SFoyer,4,1,134900.0,134900.0,858.0,157.22610722610722,32
CollgCr,SFoyer,4,1,133900.0,133900.0,768.0,174.34895833333334,33
OldTown,2Story,4,3,133166.66666666666,137000.0,1976.0,68.80762869906873,34
Edwards,2Story,4,3,132500.0,130000.0,1708.6666666666667,77.54556512817983,35
Sawyer,1Story,4,7,132500.0,132000.0,1158.857142857143,118.93174477469654,35
OldTown,1Story,4,2,132350.0,132350.0,1012.5,133.43531199625923,36
OldTown,1.5Fin,4,6,130316.66666666667,129950.0,1532.0,85.62538102709543,37
Mitchel,SFoyer,4,1,129500.0,129500.0,768.0,168.61979166666666,38
OldTown,2.5Unf,4,1,129500.0,129500.0,2058.0,62.925170068027214,38
BrkSide,1.5Fin,4,2,128250.0,128250.0,1441.5,88.75414810173582,39
NAmes,1.5Fin,4,3,121333.33333333333,119000.0,1395.3333333333333,87.07161872744759,40
Edwards,1Story,4,8,115362.5,108500.0,1071.25,108.38866298277078,41
Sawyer,1.5Fin,4,1,112000.0,112000.0,1902.0,58.88538380651946,42
Edwards,1.5Fin,4,6,111750.0,116000.0,1334.3333333333333,84.6002542591856,43
IDOTRR,1Story,4,1,106500.0,106500.0,951.0,111.98738170347004,44
OldTown,1.5Unf,4,1,103200.0,103200.0,882.0,117.00680272108843,45
BrkSide,1Story,4,1,100000.0,100000.0,788.0,126.90355329949239,46
BrDale,2Story,4,2,98750.0,98750.0,1260.0,78.26818157741405,47
SWISU,1Story,4,1,91000.0,91000.0,790.0,115.18987341772151,48
MeadowV,2Story,4,1,85000.0,85000.0,1112.0,76.43884892086331,49
MeadowV,SFoyer,4,1,80000.0,80000.0,630.0,126.98412698412699,50
IDOTRR,1.5Fin,4,1,68400.0,68400.0,1128.0,60.638297872340424,51
NoRidge,1Story,5,1,430000.0,430000.0,3228.0,133.20941759603468,1
Crawfor,1.5Fin,5,2,346250.0,346250.0,2700.5,134.97373890161265,2
NoRidge,2Story,5,2,336584.0,336584.0,2524.5,133.48317641793153,3
Crawfor,1Story,5,1,335000.0,335000.0,1902.0,176.130389064143,4
NridgHt,1Story,5,4,297824.5,278000.0,1750.0,167.78590065604158,5
OldTown,2.5Fin,5,1,295000.0,295000.0,3493.0,84.45462353277985,6
Timber,1Story,5,5,289632.6,287000.0,2012.8,147.7160636813018,7
NridgHt,2Story,5,1,285000.0,285000.0,2374.0,120.05054759898904,8
Timber,2Story,5,1,269500.0,269500.0,1968.0,136.9410569105691,9
Crawfor,2Story,5,1,266500.0,266500.0,2340.0,113.88888888888889,10
Somerst,1Story,5,4,253167.5,268835.0,1468.0,171.46570387309345,11
Veenker,1Story,5,2,252750.0,252750.0,1490.5,166.15050489126378,12
CollgCr,2Story,5,6,247191.66666666666,243700.0,2044.8333333333333,121.2210315557832,13
SawyerW,2Story,5,4,244070.0,233640.0,2376.5,102.88186823630333,14
Somerst,2Story,5,6,216891.66666666666,216750.0,1773.0,121.7247933423664,15
NAmes,2Story,5,2,213900.0,213900.0,1988.5,107.82713577567542,16
ClearCr,2Story,5,1,200000.0,200000.0,1688.0,118.48341232227489,17
NWAmes,1Story,5,4,191000.0,191250.0,1628.0,117.40782771190518,18
Blmngtn,1Story,5,6,189023.33333333334,186000.0,1500.3333333333333,126.2194086501541,19
Gilbert,2Story,5,10,188738.5,180750.0,1791.0,106.6036098415934,20
CollgCr,1Story,5,17,181294.11764705883,185500.0,1227.0,150.99067759450605,21
BrkSide,2Story,5,2,180500.0,180500.0,1544.5,116.34688453034781,22
Gilbert,1Story,5,1,180500.0,180500.0,1442.0,125.17337031900139,22
Timber,SLvl,5,2,177500.0,177500.0,1270.0,141.88519233513864,23
Mitchel,1Story,5,3,173333.33333333334,164000.0,1303.0,134.01470201890973,24
NWAmes,2Story,5,2,166950.0,166950.0,1486.0,113.00987248195432,25
Gilbert,SLvl,5,2,164250.0,164250.0,1473.0,111.50522093091854,26
SawyerW,1Story,5,5,162580.0,158000.0,1183.6,138.67271867492454,27
NAmes,SLvl,5,3,161133.33333333334,174900.0,1245.6666666666667,129.60831914487875,28
Edwards,SLvl,5,2,161000.0,161000.0,1214.5,132.8479883192732,29
SWISU,2Story,5,2,158500.0,158500.0,2124.0,75.1907105926052,30
Mitchel,SLvl,5,2,158350.0,158350.0,1048.0,151.27155070357378,31
Sawyer,SLvl,5,2,154750.0,154750.0,1140.0,137.83143939393938,32
BrkSide,1.5Fin,5,3,153166.66666666666,132500.0,1465.0,103.02471537005921,33
NAmes,1Story,5,21,146745.2380952381,141000.0,1201.4761904761904,123.23041289289053,34
NAmes,1.5Fin,5,1,138000.0,138000.0,1904.0,72.47899159663865,35
NAmes,SFoyer,5,2,136000.0,136000.0,1026.5,132.54502130213706,36
Mitchel,SFoyer,5,1,135000.0,135000.0,1004.0,134.4621513944223,37
NAmes,1.5Unf,5,1,135000.0,135000.0,893.0,151.17581187010077,37
OldTown,2Story,5,8,132234.875,113750.0,1755.875,75.20795857507746,38
Sawyer,1Story,5,9,129277.77777777778,129000.0,1002.8888888888889,131.55149810278297,39
Sawyer,SFoyer,5,1,129000.0,129000.0,913.0,141.2924424972618,40
SWISU,1.5Fin,5,1,127000.0,127000.0,1691.0,75.10348905972798,41
IDOTRR,1.5Fin,5,1,125500.0,125500.0,1154.0,108.7521663778163,42
Blueste,2Story,5,1,124000.0,124000.0,1229.0,100.89503661513426,43
Edwards,2Story,5,2,121000.0,121000.0,1527.5,79.63869280454756,44
OldTown,1Story,5,3,120800.0,109500.0,878.0,138.7856506238859,45
Edwards,SFoyer,5,1,118500.0,118500.0,816.0,145.22058823529412,46
BrDale,2Story,5,5,117200.0,118000.0,1218.0,97.36119480516328,47
Edwards,1.5Fin,5,3,115500.0,130500.0,1284.6666666666667,89.66629895201324,48
BrkSide,1.5Unf,5,2,115250.0,115250.0,868.0,133.3846038415366,49
OldTown,1.5Fin,5,5,111660.0,119900.0,1438.4,78.23107521899274,50
BrkSide,1Story,5,6,108333.33333333333,115500.0,962.8333333333334,117.77573836438368,51
IDOTRR,1Story,5,3,106466.66666666667,110000.0,968.3333333333334,112.09797790542115,52
Edwards,1Story,5,10,105225.0,100000.0,1050.4,103.6218588367135,53
Sawyer,1.5Fin,5,1,94000.0,94000.0,1020.0,92.15686274509804,54
MeadowV,2Story,5,2,90250.0,90250.0,1218.0,74.31891025641025,55
MeadowV,SFoyer,5,2,80750.0,80750.0,630.0,128.17460317460316,56
OldTown,2.5Fin,6,1,475000.0,475000.0,3608.0,131.6518847006652,1
StoneBr,2Story,6,3,367333.3333333333,325000.0,2516.6666666666665,143.0414145947716,2
NridgHt,2Story,6,5,321290.0,350000.0,2103.6,150.0037536420577,3
StoneBr,1Story,6,3,288810.6666666667,260000.0,1629.3333333333333,174.53234057192267,4
ClearCr,1.5Fin,6,1,277000.0,277000.0,2144.0,129.19776119402985,5
NridgHt,1Story,6,5,275160.0,224000.0,1712.0,158.07405931468898,6
NoRidge,2Story,6,9,273754.44444444444,280000.0,2259.5555555555557,121.65281719956495,7
Timber,1Story,6,3,251666.66666666666,220000.0,1673.0,149.5935595581345,8
Somerst,1Story,6,6,236342.66666666666,233864.0,1561.3333333333333,151.42101216677847,9
Crawfor,2Story,6,2,232000.0,232000.0,1798.5,132.05751483190508,10
ClearCr,2Story,6,3,223133.33333333334,240000.0,2160.6666666666665,103.87064644920945,11
CollgCr,2Story,6,7,216542.85714285713,200500.0,1825.0,118.27004314948148,12
Mitchel,2Story,6,1,215000.0,215000.0,1961.0,109.63793982661907,13
ClearCr,1Story,6,3,211666.66666666666,190000.0,1626.3333333333333,127.58403358244514,14
SawyerW,2Story,6,6,201408.83333333334,206000.0,1982.3333333333333,102.65176117900792,15
NWAmes,2Story,6,4,200000.0,192500.0,2095.0,95.90192512350035,16
Crawfor,1.5Fin,6,3,199983.33333333334,189950.0,1597.0,125.68838179925308,17
Veenker,SLvl,6,1,194000.0,194000.0,1432.0,135.47486033519553,18
NWAmes,SLvl,6,2,192700.0,192700.0,1598.0,121.08445034298396,19
NWAmes,1Story,6,8,192456.875,194375.0,1638.75,116.92998033957612,20
Gilbert,2Story,6,10,190960.0,184100.0,1693.4,113.19887876185575,21
Somerst,2Story,6,12,180677.75,174866.5,1437.75,126.21422704082609,22
NAmes,SLvl,6,4,178862.5,164225.0,1638.0,120.19438423649832,23
Crawfor,1Story,6,3,178083.33333333334,157000.0,1376.3333333333333,127.68694334205314,24
CollgCr,1Story,6,11,176418.18181818182,178000.0,1242.7272727272727,144.16448012189045,25
NAmes,2Story,6,7,174114.2857142857,167900.0,1829.142857142857,96.25516593855721,26
Blmngtn,1Story,6,2,173250.0,173250.0,1406.5,124.50976132175299,27
Mitchel,SLvl,6,1,173000.0,173000.0,1217.0,142.15283483976992,28
BrkSide,1.5Fin,6,4,170225.0,173450.0,1623.25,104.52741601993708,29
SawyerW,1Story,6,5,169584.4,159000.0,1534.8,111.99262997221642,30
Gilbert,1.5Fin,6,1,164000.0,164000.0,1752.0,93.60730593607306,31
Veenker,1Story,6,2,163750.0,163750.0,1220.0,134.2443773114303,32
Gilbert,1Story,6,2,158500.0,158500.0,1058.5,151.82866675534274,33
Mitchel,SFoyer,6,1,156000.0,156000.0,912.0,171.05263157894737,34
ClearCr,SLvl,6,1,155000.0,155000.0,1052.0,147.3384030418251,35
OldTown,1.5Fin,6,7,154628.57142857142,139000.0,1700.0,91.17495437445639,36
SawyerW,SFoyer,6,1,153337.0,153337.0,1224.0,125.27532679738562,37
Edwards,SLvl,6,1,148000.0,148000.0,1072.0,138.0597014925373,38
Sawyer,SFoyer,6,1,148000.0,148000.0,1155.0,128.13852813852813,38
NPkVill,2Story,6,1,147000.0,147000.0,1322.0,111.19515885022693,39
OldTown,SFoyer,6,1,144000.0,144000.0,1056.0,136.36363636363637,40
NAmes,1.5Fin,6,3,143300.0,159000.0,1619.0,90.63594309123101,41
Sawyer,1Story,6,8,142981.25,140750.0,1177.625,124.82805108273179,42
Mitchel,1Story,6,8,140875.0,136000.0,1064.875,137.65380874798183,43
Edwards,SFoyer,6,1,140000.0,140000.0,1072.0,130.59701492537314,44
IDOTRR,1.5Unf,6,1,139400.0,139400.0,1108.0,125.81227436823104,45
OldTown,2Story,6,6,139333.33333333334,140250.0,1599.3333333333333,87.43666131064602,46
SWISU,1.5Fin,6,4,138375.0,138250.0,1644.75,83.58794757645936,47
NAmes,1Story,6,26,137869.23076923078,139500.0,1193.076923076923,117.22144880932183,48
MeadowV,2Story,6,2,133200.0,133200.0,1912.5,74.12285878376241,49
NAmes,SFoyer,6,1,133000.0,133000.0,767.0,173.40286831812256,50
Edwards,1Story,6,12,132133.33333333334,134300.0,1244.75,109.08915852028406,51
MeadowV,1Story,6,1,129900.0,129900.0,1060.0,122.54716981132076,52
BrkSide,2Story,6,1,128000.0,128000.0,1362.0,93.97944199706315,53
OldTown,2.5Unf,6,1,128000.0,128000.0,1484.0,86.2533692722372,53
IDOTRR,1.5Fin,6,6,126750.0,127250.0,1349.6666666666667,95.10944016609044,54
OldTown,1Story,6,8,107375.0,111250.0,973.5,112.31440427285048,55
NAmes,1.5Unf,6,1,105500.0,105500.0,832.0,126.80288461538461,56
Crawfor,1.5Unf,6,1,96500.0,96500.0,789.0,122.30671736375159,57
BrDale,2Story,6,2,88750.0,88750.0,987.0,89.91894630192502,58
IDOTRR,1Story,6,2,88246.5,88246.5,930.0,100.65235519495154,59
OldTown,1.5Unf,6,1,87000.0,87000.0,840.0,103.57142857142857,60
BrkSide,1Story,6,2,84450.0,84450.0,681.5,125.72084876301744,61
MeadowV,SFoyer,6,1,81000.0,81000.0,630.0,128.57142857142858,62
StoneBr,2Story,7,2,459250.0,459250.0,2722.0,167.28120289638503,1
StoneBr,1Story,7,3,417254.3333333333,377426.0,2067.3333333333335,201.02337597019027,2
NoRidge,2Story,7,9,404333.3333333333,337000.0,2802.6666666666665,140.24280522098212,3
NAmes,SLvl,7,1,345000.0,345000.0,2704.0,127.58875739644971,4
NridgHt,2Story,7,4,334500.0,340000.0,2318.5,140.6734719296876,5
NridgHt,1Story,7,9,300234.77777777775,266000.0,1685.3333333333333,176.21780403939002,6
Veenker,2Story,7,1,294000.0,294000.0,2167.0,135.67143516382095,7
NoRidge,1Story,7,1,262000.0,262000.0,1624.0,161.33004926108376,8
OldTown,2.5Unf,7,2,234500.0,234500.0,2232.5,101.16210885441654,9
NWAmes,2Story,7,6,228300.0,220000.0,2242.1666666666665,103.37674692710392,10
Somerst,1Story,7,4,226345.0,229840.0,1512.25,149.63144868781285,11
Veenker,1Story,7,1,218000.0,218000.0,1437.0,151.70494084899096,12
Somerst,2Story,7,3,216692.66666666666,250000.0,1677.6666666666667,128.21327199752858,13
BrkSide,2.5Unf,7,1,214500.0,214500.0,2134.0,100.51546391752578,14
Timber,2Story,7,2,214250.0,214250.0,1724.0,124.42816792947653,15
Crawfor,2Story,7,6,205247.83333333334,209800.0,1925.8333333333333,106.73158046206049,16
CollgCr,2Story,7,10,200395.5,202500.0,1756.6,113.96905191902256,17
Edwards,SFoyer,7,1,198500.0,198500.0,1922.0,103.27783558792925,18
CollgCr,1Story,7,13,196832.23076923078,193879.0,1332.076923076923,148.42334494970194,19
SawyerW,2Story,7,3,196633.33333333334,201000.0,1699.6666666666667,115.50810514229265,20
Gilbert,2Story,7,13,191652.3076923077,187500.0,1637.2307692307693,117.7204681076678,21
NWAmes,1Story,7,3,190500.0,153500.0,1587.3333333333333,124.44706491369554,22
ClearCr,2Story,7,1,187500.0,187500.0,2087.0,89.8418782942022,23
Crawfor,1Story,7,2,183750.0,183750.0,1495.5,121.76354013607988,24
Timber,1Story,7,4,181750.0,178000.0,1317.5,138.58545457897267,25
ClearCr,1.5Fin,7,2,179716.0,179716.0,1937.5,91.51853593688563,26
SWISU,2.5Fin,7,1,179500.0,179500.0,2192.0,81.88868613138686,27
NAmes,SFoyer,7,1,178400.0,178400.0,999.0,178.57857857857857,28
Gilbert,SLvl,7,2,176950.0,176950.0,1324.0,136.77202473130973,29
Mitchel,1Story,7,5,173080.0,171000.0,1648.8,103.59697919675867,30
Gilbert,1Story,7,1,173000.0,173000.0,1167.0,148.2433590402742,31
Sawyer,1.5Fin,7,1,172500.0,172500.0,1920.0,89.84375,32
Sawyer,2Story,7,1,172500.0,172500.0,1683.0,102.49554367201426,32
Mitchel,SLvl,7,1,171000.0,171000.0,1118.0,152.95169946332737,33
BrkSide,2Story,7,2,167037.5,167037.5,1610.0,104.48453915950334,34
Edwards,2Story,7,4,165875.0,162450.0,1639.75,99.72157775711526,35
Mitchel,SFoyer,7,1,165500.0,165500.0,1110.0,149.0990990990991,36
NAmes,2Story,7,4,162125.0,162250.0,1732.75,95.22721210155797,37
SawyerW,1Story,7,4,161775.0,167100.0,1317.75,124.13038916451112,38
Mitchel,1.5Fin,7,1,160000.0,160000.0,1750.0,91.42857142857143,39
SWISU,2Story,7,1,160000.0,160000.0,1928.0,82.98755186721992,39
Crawfor,1.5Fin,7,1,154900.0,154900.0,1343.0,115.33879374534624,40
Blueste,2Story,7,1,151000.0,151000.0,1556.0,97.04370179948586,41
Sawyer,SLvl,7,1,151000.0,151000.0,1212.0,124.58745874587459,41
NPkVill,2Story,7,3,149833.33333333334,148500.0,1486.6666666666667,100.7985608276306,42
SWISU,1.5Fin,7,2,149467.0,149467.0,1504.5,99.28891387720476,43
CollgCr,SFoyer,7,1,148000.0,148000.0,914.0,161.92560175054706,44
NWAmes,SLvl,7,1,148000.0,148000.0,1032.0,143.4108527131783,44
Sawyer,1Story,7,6,142583.33333333334,146500.0,1269.1666666666667,115.05832967231335,45
OldTown,2Story,7,3,142333.33333333334,143000.0,1998.6666666666667,74.15423113289059,46
Sawyer,SFoyer,7,1,137000.0,137000.0,860.0,159.30232558139534,47
NAmes,1.5Fin,7,2,133450.0,133450.0,1224.0,113.74842349251799,48
NAmes,1Story,7,38,133300.2105263158,133100.0,1134.7368421052631,121.3514822014898,49
CollgCr,SLvl,7,1,132500.0,132500.0,954.0,138.88888888888889,50
BrkSide,1.5Unf,7,1,132000.0,132000.0,854.0,154.56674473067915,51
ClearCr,SLvl,7,1,130000.0,130000.0,1352.0,96.15384615384616,52
NPkVill,1Story,7,1,127500.0,127500.0,1069.0,119.27034611786716,53
MeadowV,2Story,7,1,127000.0,127000.0,1475.0,86.10169491525424,54
IDOTRR,1.5Fin,7,1,125500.0,125500.0,1360.0,92.27941176470588,55
Edwards,1.5Fin,7,4,124500.0,116500.0,1363.0,90.70911737940135,56
BrkSide,1.5Fin,7,7,121628.57142857143,128000.0,1264.4285714285713,96.51678666304926,57
OldTown,1.5Fin,7,2,117000.0,117000.0,1253.0,95.16716949793962,58
OldTown,1Story,7,4,111293.75,109500.0,1048.5,106.24972843628642,59
IDOTRR,1Story,7,1,109900.0,109900.0,1196.0,91.88963210702342,60
OldTown,2.5Fin,7,1,104000.0,104000.0,2229.0,46.657694033198744,61
Edwards,1Story,7,4,93975.0,92950.0,852.25,113.26797551249965,62
BrDale,2Story,7,1,85400.0,85400.0,987.0,86.52482269503547,63
IDOTRR,2Story,7,4,80000.0,66500.0,1236.25,63.887399920987065,64
BrkSide,1Story,7,3,70833.33333333333,72500.0,821.3333333333334,86.24151389423845,65
NridgHt,2Story,8,3,330000.0,284000.0,2183.3333333333335,150.13222923728907,1
NoRidge,1Story,8,2,325750.0,325750.0,2050.0,158.68877709846612,2
NoRidge,2Story,8,3,309250.0,315750.0,2314.3333333333335,133.36912160846893,3
Timber,2Story,8,1,305000.0,305000.0,2262.0,134.83642793987622,4
SawyerW,2Story,8,1,301000.0,301000.0,2730.0,110.25641025641026,5
SawyerW,SLvl,8,1,275000.0,275000.0,1644.0,167.27493917274938,6
Edwards,SLvl,8,1,274970.0,274970.0,2201.0,124.92957746478874,7
NridgHt,1Story,8,5,262058.6,253293.0,1651.0,159.0815194650185,8
StoneBr,1Story,8,4,260875.0,268500.0,1607.75,161.0097389788625,9
Somerst,1Story,8,4,260451.0,273527.0,1491.25,173.5447792775064,10
NWAmes,2Story,8,2,255000.0,255000.0,2503.5,102.3473376993759,11
Timber,1.5Fin,8,1,228950.0,228950.0,1786.0,128.19148936170214,12
Somerst,2Story,8,7,228036.0,227875.0,1874.0,121.72528631160375,13
Edwards,2Story,8,1,225000.0,225000.0,2008.0,112.05179282868527,14
CollgCr,2Story,8,5,214039.8,228500.0,1823.0,117.79662925167159,15
SawyerW,1Story,8,2,199950.0,199950.0,1347.0,148.9961512717537,16
Gilbert,1Story,8,3,199206.33333333334,181134.0,1437.3333333333333,138.14545228730015,17
SWISU,2.5Fin,8,1,197000.0,197000.0,3082.0,63.91953277092797,18
CollgCr,1Story,8,8,189637.5,183750.0,1307.875,143.61350516756704,19
Veenker,SLvl,8,1,187000.0,187000.0,1855.0,100.80862533692722,20
Mitchel,1.5Fin,8,2,182843.0,182843.0,1941.5,92.0990482416381,21
NWAmes,1Story,8,2,175375.0,175375.0,1419.5,123.48518767256175,22
Timber,SLvl,8,1,175000.0,175000.0,1509.0,115.97084161696488,23
Gilbert,2Story,8,4,170250.0,172000.0,1503.25,113.90739516133834,24
NAmes,2Story,8,2,164500.0,164500.0,2507.0,65.0659124697715,25
Crawfor,2.5Unf,8,1,164000.0,164000.0,1646.0,99.63547995139733,26
Sawyer,1.5Fin,8,2,162500.0,162500.0,1945.5,89.36733112714037,27
Crawfor,1Story,8,2,161000.0,161000.0,1058.0,153.59630734209313,28
Crawfor,2Story,8,4,160925.0,155000.0,1780.5,92.50273954401743,29
NWAmes,SLvl,8,1,158000.0,158000.0,2119.0,74.56347333647948,30
SWISU,1.5Fin,8,1,145000.0,145000.0,1477.0,98.1719702098849,31
NAmes,SLvl,8,2,142500.0,142500.0,1476.0,96.80797569818355,32
NAmes,1Story,8,7,141057.14285714287,139900.0,1129.7142857142858,126.09201711526032,33
OldTown,SFoyer,8,1,140000.0,140000.0,936.0,149.57264957264957,34
BrkSide,1.5Fin,8,2,135300.0,135300.0,1403.0,96.702467913004,35
MeadowV,1Story,8,1,134000.0,134000.0,1142.0,117.33800350262698,36
NAmes,1.5Fin,8,1,133000.0,133000.0,1578.0,84.28390367553865,37
Edwards,1Story,8,3,129333.33333333333,125000.0,1092.0,126.56991490754376,38
OldTown,2Story,8,3,126416.66666666667,106250.0,1544.6666666666667,82.1651421202906,39
Sawyer,1Story,8,4,119875.0,118750.0,1050.25,122.39948483196481,40
IDOTRR,1.5Fin,8,1,115000.0,115000.0,1517.0,75.80751483190508,41
OldTown,1.5Fin,8,4,113600.0,125950.0,1606.0,74.84496220966417,42
BrkSide,1.5Unf,8,1,113000.0,113000.0,1048.0,107.82442748091603,43
BrDale,2Story,8,2,106000.0,106000.0,1176.0,90.21120723248382,44
Edwards,1.5Fin,8,2,100750.0,100750.0,1326.0,77.40832537028189,45
OldTown,1Story,8,5,99980.0,107900.0,923.0,109.99067538501367,46
MeadowV,SFoyer,8,1,92000.0,92000.0,630.0,146.03174603174602,47
MeadowV,2Story,8,1,88000.0,88000.0,1092.0,80.58608058608058,48
BrkSide,1Story,8,2,82500.0,82500.0,902.0,91.7078453936235,49
IDOTRR,1Story,8,1,81000.0,81000.0,894.0,90.60402684563758,50
Crawfor,2Story,9,1,359100.0,359100.0,3194.0,112.42955541640576,1
NridgHt,2Story,9,2,325821.5,325821.5,2524.0,129.00420241204313,2
NridgHt,1Story,9,5,323706.2,315000.0,1789.2,177.1562966453402,3
SawyerW,1.5Fin,9,1,316600.0,316600.0,2132.0,148.49906191369607,4
Timber,1Story,9,1,315500.0,315500.0,1620.0,194.7530864197531,5
Somerst,1Story,9,3,249876.0,229456.0,1419.3333333333333,175.44424174678184,6
ClearCr,1.5Fin,9,1,240000.0,240000.0,2358.0,101.78117048346056,7
Gilbert,2Story,9,2,227195.0,227195.0,1758.5,128.0160528686757,8
SawyerW,2Story,9,1,215000.0,215000.0,1911.0,112.50654107796964,9
CollgCr,2Story,9,5,214280.0,195000.0,1849.4,115.49771986648629,10
ClearCr,2Story,9,1,211000.0,211000.0,2060.0,102.42718446601941,11
StoneBr,2Story,9,1,207500.0,207500.0,2090.0,99.2822966507177,12
NWAmes,2Story,9,1,205000.0,205000.0,1964.0,104.37881873727088,13
CollgCr,1Story,9,9,203988.88888888888,195400.0,1396.0,145.8724250412717,14
Crawfor,2.5Fin,9,1,191000.0,191000.0,2555.0,74.75538160469668,15
Mitchel,2Story,9,1,172000.0,172000.0,1968.0,87.39837398373983,16
NWAmes,SLvl,9,1,170000.0,170000.0,1920.0,88.54166666666667,17
SawyerW,1Story,9,2,169500.0,169500.0,1342.5,118.43695270324297,18
NWAmes,1Story,9,2,168500.0,168500.0,1292.0,130.82355990410161,19
Blmngtn,1Story,9,1,160200.0,160200.0,1145.0,139.9126637554585,20
Sawyer,1Story,9,2,141500.0,141500.0,1002.0,142.59205706574127,21
NAmes,1.5Fin,9,1,140000.0,140000.0,1668.0,83.93285371702638,22
Edwards,1.5Fin,9,2,136700.0,136700.0,1777.5,80.2070613887957,23
NAmes,1Story,9,2,136475.0,136475.0,1206.0,113.61175299463943,24
NAmes,2Story,9,2,135500.0,135500.0,1936.0,70.39835164835165,25
BrkSide,1.5Fin,9,1,114500.0,114500.0,1176.0,97.3639455782313,26
OldTown,2Story,9,3,110666.66666666667,107000.0,1684.6666666666667,72.09180840118682,27
IDOTRR,1.5Fin,9,1,108000.0,108000.0,1336.0,80.83832335329342,28
BrDale,2Story,9,1,106000.0,106000.0,987.0,107.39614994934144,29
Edwards,1Story,9,3,102833.33333333333,118000.0,1150.6666666666667,89.0230459844281,30
OldTown,1.5Fin,9,2,102400.0,102400.0,1533.5,66.76083556417822,31
Mitchel,1Story,9,1,93500.0,93500.0,974.0,95.99589322381931,32
StoneBr,2Story,10,1,438780.0,438780.0,2945.0,148.99151103565364,1
CollgCr,2Story,10,2,286485.0,286485.0,2076.0,136.11489956630908,2
NridgHt,1Story,10,3,284598.0,284000.0,1567.0,179.31723834205198,3
Gilbert,1Story,10,2,273745.0,273745.0,1531.0,172.6901045202756,4
Somerst,1Story,10,3,266959.3333333333,245000.0,1516.6666666666667,172.75839469727214,5
NridgHt,2Story,10,3,250666.66666666666,281000.0,2023.0,121.8449774818389,6
Blmngtn,1Story,10,3,248379.66666666666,246578.0,1541.3333333333333,161.16905073532092,7
StoneBr,1Story,10,5,241800.0,189000.0,1346.2,177.72205392532254,8
Somerst,2Story,10,1,241000.0,241000.0,1550.0,155.48387096774192,9
Crawfor,1Story,10,1,217000.0,217000.0,2259.0,96.06020362992474,10
Gilbert,2Story,10,3,199166.66666666666,194500.0,1680.6666666666667,119.45173317583802,11
NWAmes,2Story,10,1,197500.0,197500.0,1868.0,105.72805139186295,12
CollgCr,1Story,10,5,191695.6,200141.0,1477.4,130.4800890944669,13
ClearCr,SLvl,10,1,180000.0,180000.0,988.0,182.18623481781376,14
Sawyer,SLvl,10,1,175000.0,175000.0,1464.0,119.53551912568307,15
NAmes,2Story,10,2,172500.0,172500.0,1891.0,90.58678006625442,16
SawyerW,1Story,10,2,168750.0,168750.0,1849.5,93.26714982397584,17
BrkSide,1.5Fin,10,3,168066.66666666666,159000.0,1596.3333333333333,105.6282685087608,18
BrkSide,2Story,10,1,167500.0,167500.0,2019.0,82.96186230807331,19
OldTown,2.5Unf,10,1,163000.0,163000.0,1768.0,92.1945701357466,20
NAmes,SLvl,10,4,159725.0,161750.0,1302.0,125.3673207987215,21
OldTown,1Story,10,1,152000.0,152000.0,1616.0,94.05940594059406,22
NAmes,1Story,10,11,147945.45454545456,140000.0,1323.5454545454545,116.94943090532675,23
CollgCr,SLvl,10,1,147000.0,147000.0,1026.0,143.2748538011696,24
Edwards,2Story,10,2,146375.0,146375.0,3093.0,55.51672199593245,25
NWAmes,1Story,10,1,145000.0,145000.0,1258.0,115.26232114467409,26
OldTown,2Story,10,3,144168.0,157000.0,1502.6666666666667,96.54701343147036,27
Mitchel,1.5Fin,10,1,143000.0,143000.0,1362.0,104.99265785609398,28
NPkVill,1Story,10,2,141875.0,141875.0,1013.5,140.50785468634962,29
SWISU,1.5Fin,10,1,137450.0,137450.0,1608.0,85.47885572139303,30
Edwards,SFoyer,10,1,127500.0,127500.0,980.0,130.10204081632654,31
Edwards,SLvl,10,1,125000.0,125000.0,1125.0,111.11111111111111,32
Mitchel,1Story,10,2,125000.0,125000.0,869.5,144.69779650755208,32
Sawyer,1Story,10,3,122166.66666666667,128500.0,1222.0,102.19878180118867,33
Edwards,1.5Fin,10,2,120950.0,120950.0,1556.5,78.63317892174717,34
NAmes,1.5Fin,10,1,118500.0,118500.0,1216.0,97.45065789473684,35
Edwards,1Story,10,2,115500.0,115500.0,954.0,121.09704641350211,36
OldTown,1.5Fin,10,2,110500.0,110500.0,1246.0,90.08796119083516,37
BrkSide,1Story,10,1,100000.0,100000.0,1301.0,76.86395080707149,38
IDOTRR,1.5Fin,10,1,85000.0,85000.0,1526.0,55.70117955439056,39
SawyerW,1.5Unf,10,1,76000.0,76000.0,784.0,96.93877551020408,40
IDOTRR,1Story,10,1,35311.0,35311.0,480.0,73.56458333333333,41
Veenker,1Story,11,1,385000.0,385000.0,1842.0,209.01194353963083,1
NridgHt,2Story,11,3,365728.3333333333,325624.0,2416.6666666666665,150.69424321821057,2
NridgHt,1Story,11,4,349404.25,342500.0,1815.5,192.39013227557075,3
Crawfor,1Story,11,2,308250.0,308250.0,1646.0,187.08808244256778,4
NoRidge,2Story,11,2,300000.0,300000.0,2525.5,118.79754535819333,5
CollgCr,2Story,11,3,264166.6666666667,261500.0,2145.0,125.04046879046878,6
Gilbert,1Story,11,1,259000.0,259000.0,1530.0,169.281045751634,7
SawyerW,2Story,11,1,238000.0,238000.0,2127.0,111.89468735307945,8
Timber,1Story,11,3,234300.0,248900.0,1642.0,142.8028435642888,9
Somerst,2Story,11,2,218500.0,218500.0,1767.5,123.17321158831254,10
Gilbert,2Story,11,4,213177.5,220605.0,1931.25,110.7775004814489,11
Crawfor,2Story,11,2,208250.0,208250.0,2059.0,104.94544233845953,12
Mitchel,SFoyer,11,1,206300.0,206300.0,1344.0,153.4970238095238,13
Somerst,1Story,11,1,199900.0,199900.0,1241.0,161.07977437550363,14
NWAmes,2Story,11,6,199175.0,198950.0,1923.6666666666667,104.29760576043684,15
NWAmes,SLvl,11,1,197000.0,197000.0,1725.0,114.20289855072464,16
ClearCr,1Story,11,2,181500.0,181500.0,1579.0,117.88609453523776,17
OldTown,2Story,11,1,168000.0,168000.0,1742.0,96.44087256027555,18
ClearCr,1.5Fin,11,1,161500.0,161500.0,1788.0,90.32438478747204,19
CollgCr,1Story,11,3,154366.66666666666,152000.0,1103.3333333333333,142.50852846655332,20
CollgCr,SLvl,11,1,149900.0,149900.0,985.0,152.18274111675126,21
NWAmes,1Story,11,2,146000.0,146000.0,1417.0,107.39923968406289,22
Sawyer,1Story,11,3,143333.33333333334,137000.0,1366.6666666666667,111.92408559305996,23
NAmes,1Story,11,12,139650.0,123500.0,1258.8333333333333,114.93141162587328,24
Crawfor,1.5Fin,11,1,139000.0,139000.0,1250.0,111.2,25
Edwards,1Story,11,2,138700.0,138700.0,1577.5,88.86973894964368,26
SWISU,2Story,11,1,130000.0,130000.0,1964.0,66.19144602851324,27
BrkSide,1.5Fin,11,1,127500.0,127500.0,1367.0,93.26993416239941,28
Mitchel,1Story,11,2,122500.0,122500.0,1322.5,106.8382418496835,29
OldTown,2.5Unf,11,2,119950.0,119950.0,2214.5,54.01256962311138,30
OldTown,1.5Fin,11,2,112250.0,112250.0,1591.0,70.1551212713357,31
SawyerW,1Story,11,1,107000.0,107000.0,1056.0,101.32575757575758,32
BrkSide,1Story,11,1,105000.0,105000.0,875.0,120.0,33
BrDale,2Story,11,1,100000.0,100000.0,987.0,101.31712259371834,34
MeadowV,SLvl,11,1,91000.0,91000.0,988.0,92.10526315789474,35
IDOTRR,1Story,11,2,50950.0,50950.0,898.5,55.34103218817704,36
Crawfor,2Story,12,1,315000.0,315000.0,2727.0,115.51155115511551,1
NridgHt,1Story,12,3,296687.0,318000.0,1629.0,183.24712329839022,2
Somerst,2Story,12,3,291145.0,270000.0,2120.0,137.28088045834377,3
StoneBr,1Story,12,1,275000.0,275000.0,1742.0,157.86452353616534,4
NoRidge,2Story,12,2,270000.0,270000.0,2362.0,114.27289042006805,5
Timber,1Story,12,2,252450.0,252450.0,1527.5,165.65514865975456,6
Veenker,1Story,12,1,245500.0,245500.0,1288.0,190.6055900621118,7
ClearCr,1Story,12,2,235000.0,235000.0,1493.0,156.7061692546047,8
CollgCr,2Story,12,2,235000.0,235000.0,1971.0,119.51130033999193,8
Crawfor,1Story,12,3,226666.66666666666,223000.0,1716.3333333333333,132.56366554631197,9
Somerst,1Story,12,3,217866.66666666666,227000.0,1494.6666666666667,145.6731123575702,10
CollgCr,1Story,12,1,214000.0,214000.0,1536.0,139.32291666666666,11
SawyerW,2Story,12,2,200500.0,200500.0,1868.5,107.10727869081265,12
Gilbert,2Story,12,3,187666.66666666666,185000.0,1859.3333333333333,102.54817682811036,13
SawyerW,1Story,12,1,179000.0,179000.0,1349.0,132.69088213491474,14
Gilbert,SLvl,12,1,170000.0,170000.0,1430.0,118.88111888111888,15
NWAmes,2Story,12,1,162000.0,162000.0,1395.0,116.12903225806451,16
NAmes,1Story,12,6,154266.66666666666,156250.0,1279.5,122.58832650718348,17
NAmes,SLvl,12,2,152000.0,152000.0,1270.0,120.32106284960292,18
Mitchel,1Story,12,1,147000.0,147000.0,1120.0,131.25,19
SawyerW,SFoyer,12,1,144000.0,144000.0,884.0,162.89592760180994,20
IDOTRR,1.5Fin,12,1,141000.0,141000.0,1375.0,102.54545454545455,21
Sawyer,SLvl,12,1,140000.0,140000.0,1601.0,87.44534665833854,22
NAmes,1.5Fin,12,1,135000.0,135000.0,1192.0,113.25503355704699,23
SWISU,1.5Fin,12,1,135000.0,135000.0,1981.0,68.14740030287733,23
NAmes,SFoyer,12,2,129480.0,129480.0,921.5,140.4224107458466,24
OldTown,1.5Fin,12,1,115000.0,115000.0,1224.0,93.95424836601308,25
OldTown,2Story,12,2,114750.0,114750.0,2365.0,48.52958319208979,26
OldTown,1Story,12,3,98926.66666666667,97000.0,947.0,104.70814957876973,27
IDOTRR,1.5Unf,12,1,87000.0,87000.0,803.0,108.34371108343711,28
Sawyer,1Story,12,2,86141.5,86141.5,884.0,96.88667137823664,29
MeadowV,SFoyer,12,1,84500.0,84500.0,630.0,134.12698412698413,30
BrkSide,1Story,12,1,82500.0,82500.0,708.0,116.52542372881356,31
